,TABLE,Type,Area,CountyFIPS,2010,2011,2012,2013,2014,2015,2016,2017,2018
0,EOC - Xcel EA Participants,Xcel EA Participants,GARFIELD COUNTY,45,,,,,167.0,144.0,92.0,76.0,102.0
1,EOC - Xcel EA Participants,Xcel EA Participants,MOFFAT COUNTY,81,,,,,,,,,
2,EOC - Xcel EA Participants,Xcel EA Participants,ELBERT COUNTY,39,,,,,1.0,1.0,1.0,,
3,EOC - Xcel EA Participants,Xcel EA Participants,RIO BLANCO COUNTY,103,,,,,,,1.0,2.0,2.0
4,EOC - Xcel EA Participants,Xcel EA Participants,TELLER COUNTY,119,,,,,,,,,
5,EOC - Xcel EA Participants,Xcel EA Participants,SUMMIT COUNTY,117,,,,,47.0,34.0,25.0,47.0,11.0
6,EOC - Xcel EA Participants,Xcel EA Participants,CROWLEY COUNTY,25,,,,,,,,,
7,EOC - Xcel EA Participants,Xcel EA Participants,YUMA COUNTY,125,,,,,,,1.0,1.0,
8,EOC - Xcel EA Participants,Xcel EA Participants,JEFFERSON COUNTY,59,,,,,,,1223.0,1313.0,1321.0
9,EOC - Xcel EA Participants,Xcel EA Participants,KIT CARSON COUNTY,63,,,,,,,,,
10,EOC - Xcel EA Participants,Xcel EA Participants,CHEYENNE COUNTY,17,,,,,,,,,
11,EOC - Xcel EA Participants,Xcel EA Participants,LOGAN COUNTY,75,,,,,143.0,151.0,106.0,127.0,80.0
12,EOC - Xcel EA Participants,Xcel EA Participants,ROUTT COUNTY,107,,,,,,,,,
13,EOC - Xcel EA Participants,Xcel EA Participants,HUERFANO COUNTY,55,,,,,,,,,
14,EOC - Xcel EA Participants,Xcel EA Participants,BENT COUNTY,11,,,,,,,,,1.0
15,EOC - Xcel EA Participants,Xcel EA Participants,KIOWA COUNTY,61,,,,,,,1.0,,
16,EOC - Xcel EA Participants,Xcel EA Participants,ALAMOSA COUNTY,3,,,,,250.0,230.0,236.0,222.0,187.0
17,EOC - Xcel EA Participants,Xcel EA Participants,PROWERS COUNTY,99,,,,,,,,1.0,
18,EOC - Xcel EA Participants,Xcel EA Participants,DOLORES COUNTY,33,,,,,,,2.0,,2.0
19,EOC - Xcel EA Participants,Xcel EA Participants,SAN JUAN COUNTY,111,,,,,,,,,
20,EOC - Xcel EA Participants,Xcel EA Participants,ARAPAHOE COUNTY,5,,,,,,,1615.0,2082.0,1655.0
21,EOC - Xcel EA Participants,Xcel EA Participants,MONTROSE COUNTY,85,,,,,,,,,
22,EOC - Xcel EA Participants,Xcel EA Participants,COSTILLA COUNTY,23,,,,,47.0,68.0,70.0,54.0,64.0
23,EOC - Xcel EA Participants,Xcel EA Participants,SEDGWICK COUNTY,115,,,,,,,,,
24,EOC - Xcel EA Participants,Xcel EA Participants,DENVER COUNTY,31,,,,,,,3165.0,3235.0,3175.0
25,EOC - Xcel EA Participants,Xcel EA Participants,PITKIN COUNTY,97,,,,,,1.0,,,
26,EOC - Xcel EA Participants,Xcel EA Participants,HINSDALE COUNTY,53,,,,,,,,,
27,EOC - Xcel EA Participants,Xcel EA Participants,ADAMS COUNTY,1,,,,,,,923.0,862.0,914.0
28,EOC - Xcel EA Participants,Xcel EA Participants,CUSTER COUNTY,27,,,,,,,,,
29,EOC - Xcel EA Participants,Xcel EA Participants,MONTEZUMA COUNTY,83,,,,,,,,,
30,EOC - Xcel EA Participants,Xcel EA Participants,MESA COUNTY,77,,,,,799.0,618.0,462.0,689.0,605.0
31,EOC - Xcel EA Participants,Xcel EA Participants,ARCHULETA COUNTY,7,,,,,,,,2.0,1.0
32,EOC - Xcel EA Participants,Xcel EA Participants,BOULDER COUNTY,13,,,,,551.0,488.0,418.0,487.0,445.0
33,EOC - Xcel EA Participants,Xcel EA Participants,FREMONT COUNTY,43,,,,,,,,,
34,EOC - Xcel EA Participants,Xcel EA Participants,PHILLIPS COUNTY,95,,,,,,,,,
35,EOC - Xcel EA Participants,Xcel EA Participants,EL PASO COUNTY,41,,,,,,,1.0,,
36,EOC - Xcel EA Participants,Xcel EA Participants,WASHINGTON COUNTY,121,,,,,,,,,1.0
37,EOC - Xcel EA Participants,Xcel EA Participants,PUEBLO COUNTY,101,,,,,275.0,147.0,89.0,104.0,70.0
38,EOC - Xcel EA Participants,Xcel EA Participants,DELTA COUNTY,29,,,,,,,2.0,1.0,4.0
39,EOC - Xcel EA Participants,Xcel EA Participants,DOUGLAS COUNTY,35,,,,,175.0,284.0,132.0,135.0,93.0
40,EOC - Xcel EA Participants,Xcel EA Participants,MORGAN COUNTY,87,,,,,69.0,76.0,67.0,48.0,53.0
41,EOC - Xcel EA Participants,Xcel EA Participants,JACKSON COUNTY,57,,,,,,,4.0,,
42,EOC - Xcel EA Participants,Xcel EA Participants,LARIMER COUNTY,69,,,,,317.0,272.0,218.0,267.0,292.0
43,EOC - Xcel EA Participants,Xcel EA Participants,BROOMFIELD COUNTY,14,,,,,162.0,131.0,110.0,117.0,126.0
44,EOC - Xcel EA Participants,Xcel EA Participants,GRAND COUNTY,49,,,,,25.0,32.0,13.0,20.0,16.0
45,EOC - Xcel EA Participants,Xcel EA Participants,COLORADO STATE,0,,,,,,,9801.0,,9925.0
46,EOC - Xcel EA Participants,Xcel EA Participants,RIO GRANDE COUNTY,105,,,,,125.0,109.0,109.0,105.0,96.0
47,EOC - Xcel EA Participants,Xcel EA Participants,LAS ANIMAS COUNTY,71,,,,,,,,,
48,EOC - Xcel EA Participants,Xcel EA Participants,GILPIN COUNTY,47,,,,,4.0,2.0,1.0,2.0,2.0
49,EOC - Xcel EA Participants,Xcel EA Participants,EAGLE COUNTY,37,,,,,21.0,11.0,8.0,6.0,4.0
50,EOC - Xcel EA Participants,Xcel EA Participants,GUNNISON COUNTY,51,,,,,,,1.0,,
51,EOC - Xcel EA Participants,Xcel EA Participants,MINERAL COUNTY,79,,,,,,,1.0,3.0,2.0
52,EOC - Xcel EA Participants,Xcel EA Participants,LAKE COUNTY,65,,,,,31.0,28.0,13.0,17.0,20.0
53,EOC - Xcel EA Participants,Xcel EA Participants,LA PLATA COUNTY,67,,,,,,,,,
54,EOC - Xcel EA Participants,Xcel EA Participants,BACA COUNTY,9,,,,,,,,,
55,EOC - Xcel EA Participants,Xcel EA Participants,CONEJOS COUNTY,21,,,,,92.0,74.0,75.0,104.0,64.0
56,EOC - Xcel EA Participants,Xcel EA Participants,LINCOLN COUNTY,73,,,,,,,,,
57,EOC - Xcel EA Participants,Xcel EA Participants,OTERO COUNTY,89,,,,,,,,,
58,EOC - Xcel EA Participants,Xcel EA Participants,WELD COUNTY,123,,,,,565.0,763.0,513.0,395.0,438.0
59,EOC - Xcel EA Participants,Xcel EA Participants,CHAFFEE COUNTY,15,,,,,57.0,51.0,54.0,40.0,37.0
60,EOC - Xcel EA Participants,Xcel EA Participants,PARK COUNTY,93,,,,,16.0,16.0,7.0,10.0,1.0
61,EOC - Xcel EA Participants,Xcel EA Participants,CLEAR CREEK COUNTY,19,,,,,71.0,64.0,39.0,41.0,40.0
62,EOC - Xcel EA Participants,Xcel EA Participants,SAN MIGUEL COUNTY,113,,,,,,,,,
63,EOC - Xcel EA Participants,Xcel EA Participants,OURAY COUNTY,91,,,,,,,,,
64,EOC - Xcel EA Participants,Xcel EA Participants,SAGUACHE COUNTY,109,,,,,8.0,6.0,3.0,3.0,1.0
65,CDHS - LEAP Participants,LEAP Participants,LAS ANIMAS COUNTY,71,1336.0,,1072.0,,1058.0,1084.0,1010.0,1008.0,860.0
66,CDHS - LEAP Participants,LEAP Participants,EAGLE COUNTY,37,290.0,229.0,157.0,126.0,95.0,110.0,105.0,109.0,101.0
67,CDHS - LEAP Participants,LEAP Participants,ADAMS COUNTY,1,,,,,,,6435.0,5815.0,
68,CDHS - LEAP Participants,LEAP Participants,CHEYENNE COUNTY,17,72.0,51.0,53.0,51.0,49.0,58.0,51.0,55.0,51.0
69,CDHS - LEAP Participants,LEAP Participants,KIOWA COUNTY,61,93.0,65.0,60.0,62.0,64.0,55.0,50.0,53.0,55.0
70,CDHS - LEAP Participants,LEAP Participants,PUEBLO COUNTY,101,9888.0,,,,7536.0,7558.0,7471.0,7254.0,
71,CDHS - LEAP Participants,LEAP Participants,RIO BLANCO COUNTY,103,89.0,52.0,54.0,52.0,49.0,66.0,85.0,73.0,74.0
72,CDHS - LEAP Participants,LEAP Participants,LARIMER COUNTY,69,6656.0,,5166.0,,4573.0,4448.0,4327.0,3351.0,
73,CDHS - LEAP Participants,LEAP Participants,COSTILLA COUNTY,23,85.0,559.0,564.0,595.0,625.0,625.0,624.0,605.0,583.0
74,CDHS - LEAP Participants,LEAP Participants,BENT COUNTY,11,461.0,342.0,336.0,318.0,299.0,292.0,290.0,296.0,295.0
75,CDHS - LEAP Participants,LEAP Participants,PHILLIPS COUNTY,95,186.0,135.0,140.0,132.0,124.0,113.0,98.0,93.0,90.0
76,CDHS - LEAP Participants,LEAP Participants,DOUGLAS COUNTY,35,1897.0,,752.0,666.0,579.0,534.0,556.0,522.0,479.0
77,CDHS - LEAP Participants,LEAP Participants,CONEJOS COUNTY,21,897.0,727.0,733.0,721.0,708.0,708.0,596.0,572.0,572.0
78,CDHS - LEAP Participants,LEAP Participants,CUSTER COUNTY,27,275.0,198.0,201.0,191.0,181.0,192.0,189.0,184.0,178.0
79,CDHS - LEAP Participants,LEAP Participants,WASHINGTON COUNTY,121,218.0,153.0,162.0,164.0,165.0,177.0,178.0,169.0,166.0
80,CDHS - LEAP Participants,LEAP Participants,WELD COUNTY,123,4326.0,,3487.0,,2556.0,2761.0,2614.0,2436.0,
81,CDHS - LEAP Participants,LEAP Participants,EL PASO COUNTY,41,15264.0,,,,10285.0,,9587.0,9281.0,
82,CDHS - LEAP Participants,LEAP Participants,DENVER COUNTY,31,,,,,,,8313.0,,
83,CDHS - LEAP Participants,LEAP Participants,MESA COUNTY,77,5138.0,,3919.0,,3891.0,4021.0,3588.0,3329.0,
84,CDHS - LEAP Participants,LEAP Participants,JACKSON COUNTY,57,75.0,50.0,49.0,45.0,40.0,39.0,38.0,38.0,39.0
85,CDHS - LEAP Participants,LEAP Participants,GARFIELD COUNTY,45,745.0,625.0,488.0,445.0,401.0,402.0,437.0,386.0,413.0
86,CDHS - LEAP Participants,LEAP Participants,SAGUACHE COUNTY,109,646.0,551.0,541.0,524.0,506.0,493.0,467.0,446.0,418.0
87,CDHS - LEAP Participants,LEAP Participants,FREMONT COUNTY,43,2541.0,,1982.0,,1898.0,1832.0,1766.0,1540.0,
88,CDHS - LEAP Participants,LEAP Participants,LAKE COUNTY,65,278.0,188.0,150.0,130.0,110.0,98.0,553.0,528.0,564.0
89,CDHS - LEAP Participants,LEAP Participants,ARAPAHOE COUNTY,5,,,,,,,6272.0,,
90,CDHS - LEAP Participants,LEAP Participants,PITKIN COUNTY,97,75.0,60.0,52.0,44.0,36.0,29.0,25.0,31.0,32.0
91,CDHS - LEAP Participants,LEAP Participants,SAN MIGUEL COUNTY,113,132.0,114.0,97.0,88.0,78.0,59.0,51.0,50.0,49.0
92,CDHS - LEAP Participants,LEAP Participants,YUMA COUNTY,125,821.0,321.0,295.0,277.0,259.0,209.0,213.0,195.0,154.0
93,CDHS - LEAP Participants,LEAP Participants,SUMMIT COUNTY,117,195.0,117.0,74.0,58.0,41.0,45.0,54.0,43.0,44.0
94,CDHS - LEAP Participants,LEAP Participants,ARCHULETA COUNTY,7,481.0,365.0,354.0,296.0,237.0,235.0,224.0,242.0,244.0
95,CDHS - LEAP Participants,LEAP Participants,CROWLEY COUNTY,25,378.0,326.0,309.0,304.0,299.0,318.0,260.0,258.0,251.0
96,CDHS - LEAP Participants,LEAP Participants,OTERO COUNTY,89,1497.0,,1200.0,,1214.0,1282.0,1232.0,1249.0,
97,CDHS - LEAP Participants,LEAP Participants,ALAMOSA COUNTY,3,1503.0,,1343.0,,1304.0,1266.0,1237.0,1172.0,
98,CDHS - LEAP Participants,LEAP Participants,MORGAN COUNTY,87,916.0,646.0,677.0,631.0,585.0,543.0,537.0,482.0,478.0
99,CDHS - LEAP Participants,LEAP Participants,LINCOLN COUNTY,73,186.0,170.0,151.0,148.0,145.0,132.0,139.0,135.0,107.0
100,CDHS - LEAP Participants,LEAP Participants,HINSDALE COUNTY,53,13.0,9.0,9.0,9.0,8.0,15.0,12.0,10.0,11.0
101,CDHS - LEAP Participants,LEAP Participants,LOGAN COUNTY,75,1111.0,866.0,857.0,720.0,582.0,640.0,633.0,622.0,600.0
102,CDHS - LEAP Participants,LEAP Participants,CLEAR CREEK COUNTY,19,311.0,234.0,222.0,215.0,207.0,156.0,141.0,134.0,134.0
103,CDHS - LEAP Participants,LEAP Participants,MINERAL COUNTY,79,33.0,17.0,16.0,19.0,21.0,18.0,20.0,17.0,19.0
104,CDHS - LEAP Participants,LEAP Participants,GRAND COUNTY,49,235.0,177.0,156.0,112.0,67.0,82.0,87.0,77.0,75.0
105,CDHS - LEAP Participants,LEAP Participants,MONTEZUMA COUNTY,83,1397.0,,1034.0,,1052.0,1120.0,902.0,875.0,853.0
106,CDHS - LEAP Participants,LEAP Participants,BOULDER COUNTY,13,4161.0,,,,3039.0,2967.0,2915.0,2814.0,
107,CDHS - LEAP Participants,LEAP Participants,GILPIN COUNTY,47,156.0,113.0,117.0,94.0,71.0,71.0,71.0,65.0,68.0
108,CDHS - LEAP Participants,LEAP Participants,LA PLATA COUNTY,67,988.0,670.0,641.0,566.0,491.0,564.0,91.0,79.0,81.0
109,CDHS - LEAP Participants,LEAP Participants,COLORADO STATE,0,,,,,,,,,
110,CDHS - LEAP Participants,LEAP Participants,PARK COUNTY,93,475.0,386.0,357.0,305.0,253.0,242.0,258.0,243.0,247.0
111,CDHS - LEAP Participants,LEAP Participants,DOLORES COUNTY,33,140.0,101.0,102.0,90.0,77.0,81.0,83.0,91.0,78.0
112,CDHS - LEAP Participants,LEAP Participants,SEDGWICK COUNTY,115,117.0,83.0,92.0,94.0,96.0,92.0,92.0,84.0,85.0
113,CDHS - LEAP Participants,LEAP Participants,HUERFANO COUNTY,55,961.0,756.0,705.0,705.0,705.0,681.0,625.0,595.0,576.0
114,CDHS - LEAP Participants,LEAP Participants,TELLER COUNTY,119,864.0,656.0,637.0,604.0,570.0,438.0,424.0,409.0,417.0
115,CDHS - LEAP Participants,LEAP Participants,JEFFERSON COUNTY,59,,,,,,,4261.0,,
116,CDHS - LEAP Participants,LEAP Participants,ELBERT COUNTY,39,345.0,269.0,236.0,224.0,211.0,162.0,165.0,155.0,145.0
117,CDHS - LEAP Participants,LEAP Participants,BACA COUNTY,9,282.0,215.0,199.0,199.0,198.0,201.0,191.0,160.0,151.0
118,CDHS - LEAP Participants,LEAP Participants,SAN JUAN COUNTY,111,77.0,59.0,57.0,54.0,50.0,39.0,55.0,59.0,40.0
119,CDHS - LEAP Participants,LEAP Participants,ROUTT COUNTY,107,333.0,191.0,170.0,148.0,126.0,134.0,141.0,118.0,114.0
120,CDHS - LEAP Participants,LEAP Participants,GUNNISON COUNTY,51,362.0,336.0,230.0,229.0,227.0,231.0,217.0,187.0,182.0
121,CDHS - LEAP Participants,LEAP Participants,PROWERS COUNTY,99,856.0,693.0,661.0,644.0,626.0,522.0,524.0,505.0,480.0
122,CDHS - LEAP Participants,LEAP Participants,CHAFFEE COUNTY,15,803.0,646.0,566.0,537.0,507.0,389.0,372.0,344.0,334.0
123,CDHS - LEAP Participants,LEAP Participants,BROOMFIELD COUNTY,14,821.0,468.0,436.0,398.0,359.0,337.0,342.0,306.0,285.0
124,CDHS - LEAP Participants,LEAP Participants,OURAY COUNTY,91,152.0,125.0,87.0,75.0,63.0,78.0,67.0,58.0,59.0
125,CDHS - LEAP Participants,LEAP Participants,KIT CARSON COUNTY,63,285.0,231.0,211.0,199.0,187.0,136.0,144.0,133.0,143.0
126,CDHS - LEAP Participants,LEAP Participants,MONTROSE COUNTY,85,2014.0,,1356.0,,1069.0,1156.0,1091.0,1009.0,
127,CDHS - LEAP Participants,LEAP Participants,DELTA COUNTY,29,1764.0,,1208.0,,1046.0,1114.0,1110.0,1068.0,
128,CDHS - LEAP Participants,LEAP Participants,RIO GRANDE COUNTY,105,1034.0,847.0,816.0,784.0,751.0,764.0,802.0,734.0,750.0
129,CDHS - LEAP Participants,LEAP Participants,MOFFAT COUNTY,81,463.0,322.0,288.0,269.0,249.0,261.0,264.0,292.0,274.0
130,EOC - EA Participants,EA Participants,EL PASO COUNTY,41,774.0,,,870.0,983.0,,593.0,641.0,56.0
131,EOC - EA Participants,EA Participants,BACA COUNTY,9,32.0,52.0,56.0,60.0,64.0,20.0,9.0,7.0,3.0
132,EOC - EA Participants,EA Participants,DELTA COUNTY,29,139.0,105.0,118.0,87.0,118.0,259.0,208.0,135.0,139.0
133,EOC - EA Participants,EA Participants,CONEJOS COUNTY,21,170.0,165.0,242.0,253.0,205.0,319.0,211.0,211.0,157.0
134,EOC - EA Participants,EA Participants,EAGLE COUNTY,37,239.0,249.0,349.0,243.0,211.0,160.0,173.0,110.0,112.0
135,EOC - EA Participants,EA Participants,DOUGLAS COUNTY,35,345.0,524.0,614.0,616.0,596.0,792.0,405.0,407.0,291.0
136,EOC - EA Participants,EA Participants,BROOMFIELD COUNTY,14,186.0,205.0,197.0,154.0,167.0,133.0,110.0,118.0,131.0
137,EOC - EA Participants,EA Participants,DENVER COUNTY,31,,,,,,,,,
138,EOC - EA Participants,EA Participants,LA PLATA COUNTY,67,202.0,325.0,270.0,387.0,381.0,354.0,282.0,193.0,21.0
139,EOC - EA Participants,EA Participants,MESA COUNTY,77,769.0,941.0,721.0,797.0,843.0,686.0,521.0,757.0,693.0
140,EOC - EA Participants,EA Participants,PUEBLO COUNTY,101,740.0,874.0,,879.0,820.0,796.0,673.0,626.0,462.0
141,EOC - EA Participants,EA Participants,OURAY COUNTY,91,13.0,16.0,9.0,12.0,9.0,11.0,10.0,6.0,8.0
142,EOC - EA Participants,EA Participants,LOGAN COUNTY,75,147.0,199.0,200.0,182.0,162.0,169.0,121.0,136.0,99.0
143,EOC - EA Participants,EA Participants,HUERFANO COUNTY,55,100.0,61.0,47.0,18.0,6.0,12.0,29.0,13.0,26.0
144,EOC - EA Participants,EA Participants,WELD COUNTY,123,483.0,635.0,796.0,,1203.0,1166.0,770.0,510.0,631.0
145,EOC - EA Participants,EA Participants,RIO GRANDE COUNTY,105,151.0,185.0,203.0,182.0,159.0,165.0,177.0,170.0,123.0
146,EOC - EA Participants,EA Participants,CLEAR CREEK COUNTY,19,91.0,99.0,112.0,95.0,100.0,82.0,56.0,57.0,53.0
147,EOC - EA Participants,EA Participants,PARK COUNTY,93,140.0,194.0,255.0,238.0,187.0,223.0,161.0,118.0,74.0
148,EOC - EA Participants,EA Participants,SAN MIGUEL COUNTY,113,32.0,51.0,40.0,39.0,26.0,18.0,9.0,14.0,15.0
149,EOC - EA Participants,EA Participants,GARFIELD COUNTY,45,264.0,308.0,268.0,239.0,257.0,255.0,178.0,138.0,215.0
150,EOC - EA Participants,EA Participants,MONTROSE COUNTY,85,198.0,195.0,202.0,170.0,172.0,233.0,308.0,137.0,132.0
151,EOC - EA Participants,EA Participants,JACKSON COUNTY,57,40.0,35.0,33.0,28.0,13.0,6.0,9.0,5.0,9.0
152,EOC - EA Participants,EA Participants,TELLER COUNTY,119,214.0,290.0,243.0,276.0,199.0,247.0,209.0,157.0,100.0
153,EOC - EA Participants,EA Participants,SEDGWICK COUNTY,115,62.0,43.0,32.0,44.0,46.0,61.0,21.0,3.0,2.0
154,EOC - EA Participants,EA Participants,BENT COUNTY,11,103.0,122.0,123.0,128.0,115.0,174.0,117.0,97.0,45.0
155,EOC - EA Participants,EA Participants,MINERAL COUNTY,79,2.0,0.0,3.0,3.0,1.0,0.0,1.0,4.0,2.0
156,EOC - EA Participants,EA Participants,ELBERT COUNTY,39,42.0,105.0,90.0,109.0,80.0,99.0,62.0,58.0,449.0
157,EOC - EA Participants,EA Participants,LARIMER COUNTY,69,574.0,693.0,838.0,791.0,826.0,963.0,827.0,931.0,946.0
158,EOC - EA Participants,EA Participants,LAKE COUNTY,65,45.0,34.0,38.0,54.0,37.0,34.0,15.0,17.0,182.0
159,EOC - EA Participants,EA Participants,RIO BLANCO COUNTY,103,43.0,78.0,42.0,52.0,38.0,54.0,24.0,30.0,20.0
160,EOC - EA Participants,EA Participants,BOULDER COUNTY,13,605.0,861.0,,683.0,654.0,669.0,608.0,693.0,632.0
161,EOC - EA Participants,EA Participants,YUMA COUNTY,125,109.0,122.0,129.0,109.0,107.0,123.0,95.0,68.0,38.0
162,EOC - EA Participants,EA Participants,LINCOLN COUNTY,73,24.0,35.0,33.0,56.0,27.0,57.0,35.0,22.0,15.0
163,EOC - EA Participants,EA Participants,JEFFERSON COUNTY,59,,,,,,,,,
164,EOC - EA Participants,EA Participants,CROWLEY COUNTY,25,48.0,33.0,56.0,44.0,37.0,57.0,32.0,36.0,38.0
165,EOC - EA Participants,EA Participants,COLORADO STATE,0,18383.0,19982.0,22502.0,21960.0,21414.0,23462.0,17159.0,16905.0,15718.0
166,EOC - EA Participants,EA Participants,SUMMIT COUNTY,117,64.0,48.0,46.0,40.0,47.0,35.0,26.0,48.0,13.0
167,EOC - EA Participants,EA Participants,KIOWA COUNTY,61,5.0,8.0,7.0,15.0,13.0,5.0,10.0,6.0,3.0
168,EOC - EA Participants,EA Participants,ARCHULETA COUNTY,7,104.0,98.0,126.0,97.0,81.0,111.0,65.0,63.0,54.0
169,EOC - EA Participants,EA Participants,HINSDALE COUNTY,53,1.0,1.0,2.0,1.0,2.0,4.0,4.0,4.0,4.0
170,EOC - EA Participants,EA Participants,ADAMS COUNTY,1,,,,,,,999.0,900.0,
171,EOC - EA Participants,EA Participants,CUSTER COUNTY,27,40.0,30.0,32.0,32.0,34.0,30.0,35.0,21.0,32.0
172,EOC - EA Participants,EA Participants,SAGUACHE COUNTY,109,64.0,135.0,116.0,82.0,87.0,85.0,62.0,70.0,26.0
173,EOC - EA Participants,EA Participants,OTERO COUNTY,89,160.0,255.0,257.0,243.0,238.0,223.0,167.0,154.0,152.0
174,EOC - EA Participants,EA Participants,SAN JUAN COUNTY,111,6.0,18.0,33.0,38.0,35.0,36.0,29.0,22.0,34.0
175,EOC - EA Participants,EA Participants,GILPIN COUNTY,47,10.0,7.0,6.0,9.0,12.0,14.0,20.0,10.0,16.0
176,EOC - EA Participants,EA Participants,MORGAN COUNTY,87,245.0,303.0,352.0,361.0,212.0,216.0,194.0,145.0,120.0
177,EOC - EA Participants,EA Participants,ALAMOSA COUNTY,3,337.0,341.0,412.0,346.0,285.0,277.0,289.0,267.0,242.0
178,EOC - EA Participants,EA Participants,FREMONT COUNTY,43,268.0,463.0,415.0,592.0,534.0,352.0,264.0,212.0,137.0
179,EOC - EA Participants,EA Participants,PITKIN COUNTY,97,16.0,17.0,16.0,10.0,8.0,7.0,5.0,7.0,5.0
180,EOC - EA Participants,EA Participants,MONTEZUMA COUNTY,83,245.0,283.0,264.0,353.0,321.0,350.0,272.0,253.0,266.0
181,EOC - EA Participants,EA Participants,CHAFFEE COUNTY,15,104.0,98.0,82.0,138.0,123.0,89.0,87.0,67.0,64.0
182,EOC - EA Participants,EA Participants,GUNNISON COUNTY,51,52.0,83.0,55.0,155.0,109.0,95.0,61.0,37.0,34.0
183,EOC - EA Participants,EA Participants,LAS ANIMAS COUNTY,71,242.0,376.0,376.0,288.0,296.0,261.0,188.0,160.0,175.0
184,EOC - EA Participants,EA Participants,COSTILLA COUNTY,23,97.0,163.0,226.0,251.0,187.0,234.0,298.0,255.0,284.0
185,EOC - EA Participants,EA Participants,DOLORES COUNTY,33,46.0,66.0,55.0,76.0,50.0,56.0,35.0,34.0,29.0
186,EOC - EA Participants,EA Participants,CHEYENNE COUNTY,17,3.0,5.0,12.0,11.0,12.0,19.0,12.0,6.0,5.0
187,EOC - EA Participants,EA Participants,GRAND COUNTY,49,59.0,68.0,66.0,91.0,79.0,107.0,65.0,89.0,79.0
188,EOC - EA Participants,EA Participants,PROWERS COUNTY,99,140.0,148.0,152.0,278.0,247.0,185.0,100.0,96.0,121.0
189,EOC - EA Participants,EA Participants,MOFFAT COUNTY,81,344.0,411.0,387.0,397.0,271.0,374.0,276.0,238.0,246.0
190,EOC - EA Participants,EA Participants,KIT CARSON COUNTY,63,72.0,116.0,150.0,141.0,122.0,126.0,102.0,108.0,111.0
191,EOC - EA Participants,EA Participants,PHILLIPS COUNTY,95,34.0,71.0,104.0,88.0,93.0,99.0,57.0,70.0,50.0
192,EOC - EA Participants,EA Participants,ROUTT COUNTY,107,190.0,224.0,206.0,142.0,112.0,124.0,85.0,117.0,56.0
193,EOC - EA Participants,EA Participants,ARAPAHOE COUNTY,5,,,,,,,,,
194,EOC - EA Participants,EA Participants,WASHINGTON COUNTY,121,106.0,136.0,114.0,115.0,121.0,162.0,106.0,74.0,49.0
195,ACS - Population below 200 Percent FPL,Population below 200% FPL,MOFFAT COUNTY,81,3753.0,3942.0,4013.0,3840.0,4306.0,4262.0,4509.0,4491.0,4651.0
196,ACS - Population below 200 Percent FPL,Population below 200% FPL,WASHINGTON COUNTY,121,1772.0,1595.0,1586.0,1548.0,1548.0,1498.0,1548.0,1409.0,1446.0
197,ACS - Population below 200 Percent FPL,Population below 200% FPL,ARCHULETA COUNTY,7,3546.0,3095.0,3551.0,3778.0,4060.0,4082.0,4188.0,4639.0,4343.0
198,ACS - Population below 200 Percent FPL,Population below 200% FPL,EAGLE COUNTY,37,13519.0,14616.0,13369.0,13307.0,12607.0,12384.0,12141.0,12256.0,12954.0
199,ACS - Population below 200 Percent FPL,Population below 200% FPL,DOUGLAS COUNTY,35,23385.0,27277.0,29704.0,29955.0,31775.0,31589.0,31294.0,30514.0,29241.0
200,ACS - Population below 200 Percent FPL,Population below 200% FPL,HINSDALE COUNTY,53,131.0,175.0,216.0,195.0,243.0,237.0,306.0,283.0,305.0
201,ACS - Population below 200 Percent FPL,Population below 200% FPL,SAN JUAN COUNTY,111,147.0,292.0,267.0,292.0,271.0,262.0,164.0,210.0,159.0
202,ACS - Population below 200 Percent FPL,Population below 200% FPL,SAN MIGUEL COUNTY,113,1732.0,1663.0,1636.0,1885.0,2071.0,2153.0,2233.0,2185.0,2054.0
203,ACS - Population below 200 Percent FPL,Population below 200% FPL,CUSTER COUNTY,27,1521.0,1410.0,1616.0,1711.0,1910.0,1912.0,1831.0,1665.0,1789.0
204,ACS - Population below 200 Percent FPL,Population below 200% FPL,MESA COUNTY,77,40341.0,42736.0,46939.0,49140.0,49690.0,49377.0,49136.0,48464.0,47972.0
205,ACS - Population below 200 Percent FPL,Population below 200% FPL,YUMA COUNTY,125,3620.0,3465.0,3449.0,3317.0,3331.0,3702.0,3893.0,4029.0,3907.0
206,ACS - Population below 200 Percent FPL,Population below 200% FPL,RIO BLANCO COUNTY,103,1643.0,2004.0,2155.0,2218.0,2058.0,2050.0,1625.0,1721.0,1765.0
207,ACS - Population below 200 Percent FPL,Population below 200% FPL,RIO GRANDE COUNTY,105,4840.0,5519.0,5368.0,5240.0,5242.0,4983.0,4197.0,4313.0,4343.0
208,ACS - Population below 200 Percent FPL,Population below 200% FPL,GRAND COUNTY,49,3765.0,3735.0,3794.0,4035.0,4231.0,3850.0,3957.0,4040.0,3992.0
209,ACS - Population below 200 Percent FPL,Population below 200% FPL,LINCOLN COUNTY,73,1440.0,1377.0,1278.0,1544.0,1476.0,1542.0,1409.0,1258.0,1165.0
210,ACS - Population below 200 Percent FPL,Population below 200% FPL,SAGUACHE COUNTY,109,3165.0,3088.0,3053.0,3316.0,3483.0,3329.0,3556.0,3588.0,3313.0
211,ACS - Population below 200 Percent FPL,Population below 200% FPL,CHAFFEE COUNTY,15,5457.0,5570.0,5364.0,5205.0,5262.0,5458.0,5581.0,5750.0,5902.0
212,ACS - Population below 200 Percent FPL,Population below 200% FPL,MORGAN COUNTY,87,11000.0,11302.0,11817.0,11560.0,10614.0,10509.0,9987.0,9326.0,10149.0
213,ACS - Population below 200 Percent FPL,Population below 200% FPL,ELBERT COUNTY,39,3093.0,3486.0,3761.0,4115.0,4628.0,4569.0,4119.0,4111.0,183119.0
214,ACS - Population below 200 Percent FPL,Population below 200% FPL,LA PLATA COUNTY,67,13416.0,13858.0,14069.0,14828.0,14868.0,14727.0,14463.0,13765.0,3231.0
215,ACS - Population below 200 Percent FPL,Population below 200% FPL,CHEYENNE COUNTY,17,600.0,630.0,580.0,619.0,680.0,621.0,662.0,751.0,624.0
216,ACS - Population below 200 Percent FPL,Population below 200% FPL,PARK COUNTY,93,2653.0,3076.0,2904.0,3354.0,3674.0,4152.0,3664.0,3909.0,3599.0
217,ACS - Population below 200 Percent FPL,Population below 200% FPL,BENT COUNTY,11,2364.0,2336.0,2174.0,1986.0,1717.0,1775.0,1868.0,1972.0,1970.0
218,ACS - Population below 200 Percent FPL,Population below 200% FPL,ALAMOSA COUNTY,3,6299.0,6557.0,6897.0,7072.0,7766.0,7671.0,8081.0,8127.0,7480.0
219,ACS - Population below 200 Percent FPL,Population below 200% FPL,OURAY COUNTY,91,1058.0,1183.0,1063.0,1000.0,1195.0,1173.0,1070.0,1091.0,1149.0
220,ACS - Population below 200 Percent FPL,Population below 200% FPL,PUEBLO COUNTY,101,59284.0,61260.0,62801.0,64453.0,66062.0,67139.0,66914.0,67760.0,65376.0
221,ACS - Population below 200 Percent FPL,Population below 200% FPL,DOLORES COUNTY,33,896.0,797.0,743.0,759.0,841.0,902.0,875.0,724.0,692.0
222,ACS - Population below 200 Percent FPL,Population below 200% FPL,GILPIN COUNTY,47,1243.0,1364.0,1442.0,1478.0,1403.0,1159.0,1192.0,949.0,741.0
223,ACS - Population below 200 Percent FPL,Population below 200% FPL,JEFFERSON COUNTY,59,104607.0,107186.0,109944.0,111888.0,114038.0,113276.0,111341.0,108039.0,107015.0
224,ACS - Population below 200 Percent FPL,Population below 200% FPL,PROWERS COUNTY,99,5652.0,5892.0,6268.0,6138.0,6247.0,5587.0,5011.0,4868.0,5324.0
225,ACS - Population below 200 Percent FPL,Population below 200% FPL,FREMONT COUNTY,43,13681.0,13335.0,12938.0,13824.0,14054.0,14940.0,14634.0,13857.0,13524.0
226,ACS - Population below 200 Percent FPL,Population below 200% FPL,MONTEZUMA COUNTY,83,9307.0,9267.0,9885.0,9810.0,9587.0,9726.0,10136.0,9883.0,9533.0
227,ACS - Population below 200 Percent FPL,Population below 200% FPL,DENVER COUNTY,31,220816.0,223847.0,229857.0,235546.0,237415.0,232901.0,228588.0,221387.0,213745.0
228,ACS - Population below 200 Percent FPL,Population below 200% FPL,WELD COUNTY,123,74882.0,78481.0,82489.0,85753.0,86773.0,85166.0,83677.0,80161.0,77952.0
229,ACS - Population below 200 Percent FPL,Population below 200% FPL,HUERFANO COUNTY,55,2788.0,2844.0,2913.0,2965.0,2929.0,3271.0,2916.0,2731.0,2707.0
230,ACS - Population below 200 Percent FPL,Population below 200% FPL,CLEAR CREEK COUNTY,19,1886.0,1670.0,1959.0,1783.0,1669.0,1639.0,1623.0,1707.0,1846.0
231,ACS - Population below 200 Percent FPL,Population below 200% FPL,ADAMS COUNTY,1,137593.0,143290.0,150267.0,156969.0,161007.0,160625.0,158795.0,154334.0,149580.0
232,ACS - Population below 200 Percent FPL,Population below 200% FPL,EL PASO COUNTY,41,159703.0,166471.0,174392.0,180757.0,185411.0,185133.0,183161.0,183813.0,4022.0
233,ACS - Population below 200 Percent FPL,Population below 200% FPL,PHILLIPS COUNTY,95,1438.0,1425.0,1593.0,1714.0,1617.0,1599.0,1377.0,1336.0,1346.0
234,ACS - Population below 200 Percent FPL,Population below 200% FPL,SUMMIT COUNTY,117,5419.0,6576.0,7504.0,8738.0,9060.0,8823.0,8068.0,8210.0,7266.0
235,ACS - Population below 200 Percent FPL,Population below 200% FPL,LARIMER COUNTY,69,78193.0,80848.0,84101.0,87022.0,88918.0,90945.0,90643.0,88268.0,87864.0
236,ACS - Population below 200 Percent FPL,Population below 200% FPL,LAS ANIMAS COUNTY,71,6152.0,5958.0,5917.0,5899.0,5388.0,5009.0,4953.0,5604.0,5660.0
237,ACS - Population below 200 Percent FPL,Population below 200% FPL,JACKSON COUNTY,57,548.0,475.0,420.0,382.0,474.0,429.0,470.0,477.0,447.0
238,ACS - Population below 200 Percent FPL,Population below 200% FPL,LAKE COUNTY,65,3114.0,3524.0,3305.0,2914.0,2622.0,2595.0,2670.0,2609.0,12989.0
239,ACS - Population below 200 Percent FPL,Population below 200% FPL,OTERO COUNTY,89,8925.0,9668.0,9782.0,9332.0,9546.0,9106.0,8818.0,8502.0,8950.0
240,ACS - Population below 200 Percent FPL,Population below 200% FPL,GARFIELD COUNTY,45,13491.0,14820.0,16274.0,17616.0,18206.0,19088.0,17802.0,16703.0,15449.0
241,ACS - Population below 200 Percent FPL,Population below 200% FPL,ROUTT COUNTY,107,4723.0,4743.0,4856.0,5473.0,5578.0,5588.0,5948.0,6068.0,5777.0
242,ACS - Population below 200 Percent FPL,Population below 200% FPL,BROOMFIELD COUNTY,14,7754.0,8495.0,8890.0,9831.0,10062.0,9643.0,9470.0,9355.0,9593.0
243,ACS - Population below 200 Percent FPL,Population below 200% FPL,GUNNISON COUNTY,51,4071.0,4239.0,4432.0,5023.0,5231.0,5724.0,5611.0,5641.0,5340.0
244,ACS - Population below 200 Percent FPL,Population below 200% FPL,BOULDER COUNTY,13,73517.0,77339.0,78434.0,80411.0,82065.0,80815.0,78190.0,75434.0,75306.0
245,ACS - Population below 200 Percent FPL,Population below 200% FPL,DELTA COUNTY,29,10662.0,10719.0,11313.0,11579.0,11559.0,11785.0,12248.0,11784.0,12136.0
246,ACS - Population below 200 Percent FPL,Population below 200% FPL,COLORADO STATE,0,1355361.0,1406711.0,1459088.0,1507803.0,1532352.0,1524043.0,1498635.0,1464880.0,1435234.0
247,ACS - Population below 200 Percent FPL,Population below 200% FPL,KIT CARSON COUNTY,63,2574.0,2632.0,2798.0,2781.0,3074.0,2886.0,2751.0,2599.0,2553.0
248,ACS - Population below 200 Percent FPL,Population below 200% FPL,TELLER COUNTY,119,5024.0,5384.0,5814.0,5425.0,5449.0,5386.0,5269.0,5197.0,5955.0
249,ACS - Population below 200 Percent FPL,Population below 200% FPL,KIOWA COUNTY,61,577.0,614.0,616.0,627.0,587.0,588.0,597.0,490.0,536.0
250,ACS - Population below 200 Percent FPL,Population below 200% FPL,PITKIN COUNTY,97,3059.0,3101.0,3493.0,3498.0,3495.0,3768.0,3646.0,3298.0,3194.0
251,ACS - Population below 200 Percent FPL,Population below 200% FPL,ARAPAHOE COUNTY,5,147718.0,153376.0,158328.0,166193.0,167536.0,165225.0,160442.0,154774.0,148437.0
252,ACS - Population below 200 Percent FPL,Population below 200% FPL,CONEJOS COUNTY,21,3930.0,3926.0,4073.0,4176.0,3935.0,3956.0,4104.0,3956.0,4275.0
253,ACS - Population below 200 Percent FPL,Population below 200% FPL,MONTROSE COUNTY,85,13873.0,14847.0,15520.0,16118.0,16863.0,16515.0,15994.0,15507.0,14698.0
254,ACS - Population below 200 Percent FPL,Population below 200% FPL,SEDGWICK COUNTY,115,774.0,866.0,902.0,915.0,860.0,903.0,902.0,905.0,934.0
255,ACS - Population below 200 Percent FPL,Population below 200% FPL,LOGAN COUNTY,75,7367.0,7938.0,8210.0,8818.0,8134.0,7826.0,7771.0,7915.0,7587.0
256,ACS - Population below 200 Percent FPL,Population below 200% FPL,BACA COUNTY,9,1611.0,1522.0,1518.0,1466.0,1539.0,1615.0,1545.0,1515.0,1596.0
257,ACS - Population below 200 Percent FPL,Population below 200% FPL,MINERAL COUNTY,79,240.0,196.0,233.0,267.0,218.0,253.0,265.0,282.0,221.0
258,ACS - Population below 200 Percent FPL,Population below 200% FPL,CROWLEY COUNTY,25,2058.0,2029.0,2409.0,2647.0,2435.0,2816.0,2631.0,2298.0,2250.0
259,ACS - Population below 200 Percent FPL,Population below 200% FPL,COSTILLA COUNTY,23,1951.0,1760.0,1832.0,1755.0,1759.0,1826.0,2105.0,2073.0,2196.0
260,ACS - Average Household Size,Average Household Size,SAGUACHE COUNTY,109,2.22,2.27,2.25,2.29,2.37,2.39,2.46,2.41,2.44
261,ACS - Average Household Size,Average Household Size,EAGLE COUNTY,37,2.79,2.8,2.81,2.9,2.89,2.94,3.0,3.02,3.06
262,ACS - Average Household Size,Average Household Size,BOULDER COUNTY,13,2.37,2.39,2.39,2.42,2.43,2.45,2.45,2.44,2.46
263,ACS - Average Household Size,Average Household Size,DENVER COUNTY,31,2.23,2.24,2.26,2.27,2.28,2.3,2.31,2.31,2.31
264,ACS - Average Household Size,Average Household Size,CUSTER COUNTY,27,2.1,2.09,2.03,2.06,2.0,2.15,2.24,2.15,2.22
265,ACS - Average Household Size,Average Household Size,LARIMER COUNTY,69,2.4,2.42,2.42,2.45,2.46,2.47,2.49,2.46,2.46
266,ACS - Average Household Size,Average Household Size,TELLER COUNTY,119,2.5,2.51,2.53,2.44,2.41,2.42,2.39,2.34,2.35
267,ACS - Average Household Size,Average Household Size,FREMONT COUNTY,43,2.04,2.06,2.08,2.1,2.16,2.21,2.22,2.14,2.12
268,ACS - Average Household Size,Average Household Size,PITKIN COUNTY,97,2.21,2.24,2.3,2.27,2.33,2.28,2.29,2.4,2.53
269,ACS - Average Household Size,Average Household Size,GILPIN COUNTY,47,2.02,2.13,2.16,2.16,2.22,2.14,2.23,2.19,2.19
270,ACS - Average Household Size,Average Household Size,EL PASO COUNTY,41,2.56,2.57,2.58,2.6,2.62,2.6,2.6,2.63,2.77
271,ACS - Average Household Size,Average Household Size,JACKSON COUNTY,57,2.12,1.98,2.21,2.08,2.12,2.15,2.1,2.28,2.24
272,ACS - Average Household Size,Average Household Size,YUMA COUNTY,125,2.51,2.56,2.54,2.61,2.61,2.6,2.5,2.47,2.46
273,ACS - Average Household Size,Average Household Size,SAN MIGUEL COUNTY,113,2.26,2.13,2.2,2.31,2.27,2.31,2.37,2.36,2.31
274,ACS - Average Household Size,Average Household Size,MONTEZUMA COUNTY,83,2.28,2.28,2.3,2.36,2.37,2.44,2.5,2.43,2.42
275,ACS - Average Household Size,Average Household Size,KIT CARSON COUNTY,63,2.47,2.47,2.43,2.43,2.39,2.35,2.45,2.37,2.35
276,ACS - Average Household Size,Average Household Size,LINCOLN COUNTY,73,2.35,2.11,2.11,2.11,2.17,2.24,2.34,2.38,2.33
277,ACS - Average Household Size,Average Household Size,GUNNISON COUNTY,51,2.26,2.22,2.2,2.27,2.28,2.34,2.28,2.36,2.35
278,ACS - Average Household Size,Average Household Size,GRAND COUNTY,49,2.71,2.76,2.68,2.72,2.72,2.69,2.45,2.53,2.54
279,ACS - Average Household Size,Average Household Size,KIOWA COUNTY,61,2.24,2.37,2.59,2.49,2.46,2.45,2.47,2.32,2.39
280,ACS - Average Household Size,Average Household Size,WELD COUNTY,123,2.74,2.75,2.76,2.79,2.8,2.8,2.81,2.8,2.83
281,ACS - Average Household Size,Average Household Size,BACA COUNTY,9,2.23,2.2,2.18,2.2,2.21,2.3,2.3,2.17,2.11
282,ACS - Average Household Size,Average Household Size,SEDGWICK COUNTY,115,2.21,2.18,2.38,2.47,2.49,2.44,2.3,2.32,2.27
283,ACS - Average Household Size,Average Household Size,ARAPAHOE COUNTY,5,2.5,2.53,2.55,2.58,2.59,2.63,2.64,2.64,2.66
284,ACS - Average Household Size,Average Household Size,MESA COUNTY,77,2.44,2.42,2.44,2.45,2.44,2.43,2.43,2.4,2.4
285,ACS - Average Household Size,Average Household Size,BENT COUNTY,11,2.31,2.3,2.25,2.17,2.13,2.19,2.16,2.18,2.26
286,ACS - Average Household Size,Average Household Size,RIO GRANDE COUNTY,105,3.16,2.94,2.68,2.46,2.44,2.49,2.49,2.36,2.47
287,ACS - Average Household Size,Average Household Size,ADAMS COUNTY,1,2.85,2.88,2.91,2.93,2.95,2.98,3.0,2.98,3.0
288,ACS - Average Household Size,Average Household Size,MORGAN COUNTY,87,2.64,2.59,2.62,2.65,2.66,2.67,2.66,2.62,2.58
289,ACS - Average Household Size,Average Household Size,JEFFERSON COUNTY,59,2.41,2.41,2.41,2.42,2.44,2.44,2.44,2.44,2.44
290,ACS - Average Household Size,Average Household Size,BROOMFIELD COUNTY,14,2.63,2.62,2.61,2.59,2.59,2.57,2.53,2.47,2.46
291,ACS - Average Household Size,Average Household Size,HINSDALE COUNTY,53,1.92,2.24,2.1,2.06,2.06,2.18,2.12,2.22,2.26
292,ACS - Average Household Size,Average Household Size,CLEAR CREEK COUNTY,19,2.18,2.23,2.23,2.21,2.19,2.13,2.07,2.09,2.0
293,ACS - Average Household Size,Average Household Size,LAS ANIMAS COUNTY,71,2.39,2.37,2.41,2.43,2.41,2.36,2.22,2.11,2.06
294,ACS - Average Household Size,Average Household Size,PARK COUNTY,93,2.18,2.31,2.29,2.27,2.23,2.2,2.21,2.27,2.43
295,ACS - Average Household Size,Average Household Size,SAN JUAN COUNTY,111,1.83,1.97,1.97,2.05,1.93,2.15,1.94,2.23,2.05
296,ACS - Average Household Size,Average Household Size,CHAFFEE COUNTY,15,2.18,2.13,2.17,2.15,2.19,2.21,2.24,2.23,2.24
297,ACS - Average Household Size,Average Household Size,OURAY COUNTY,91,2.54,2.58,2.35,2.3,2.3,2.31,2.15,2.11,2.15
298,ACS - Average Household Size,Average Household Size,ELBERT COUNTY,39,2.79,2.79,2.8,2.81,2.84,2.82,2.82,2.76,2.64
299,ACS - Average Household Size,Average Household Size,COLORADO STATE,0,2.49,2.5,2.51,2.53,2.54,2.55,2.56,2.55,2.44
300,ACS - Average Household Size,Average Household Size,DOLORES COUNTY,33,2.54,2.34,2.23,2.19,2.28,2.64,2.48,2.46,2.49
301,ACS - Average Household Size,Average Household Size,ARCHULETA COUNTY,7,3.59,3.05,2.64,2.45,2.24,2.25,2.27,2.24,2.25
302,ACS - Average Household Size,Average Household Size,ALAMOSA COUNTY,3,2.38,2.47,2.49,2.51,2.5,2.56,2.57,2.52,2.5
303,ACS - Average Household Size,Average Household Size,PUEBLO COUNTY,101,2.47,2.48,2.49,2.49,2.48,2.49,2.51,2.5,2.51
304,ACS - Average Household Size,Average Household Size,CHEYENNE COUNTY,17,2.52,2.53,2.38,2.55,2.67,2.63,2.61,2.69,2.69
305,ACS - Average Household Size,Average Household Size,DELTA COUNTY,29,2.35,2.33,2.33,2.33,2.33,2.41,2.42,2.4,2.45
306,ACS - Average Household Size,Average Household Size,LAKE COUNTY,65,2.53,2.59,2.51,2.33,2.3,2.38,2.32,2.21,2.44
307,ACS - Average Household Size,Average Household Size,GARFIELD COUNTY,45,2.7,2.71,2.73,2.76,2.74,2.72,2.72,2.71,2.73
308,ACS - Average Household Size,Average Household Size,COSTILLA COUNTY,23,2.43,2.68,2.51,2.61,2.56,2.46,2.38,2.31,2.19
309,ACS - Average Household Size,Average Household Size,MONTROSE COUNTY,85,2.44,2.42,2.41,2.44,2.4,2.4,2.43,2.38,2.38
310,ACS - Average Household Size,Average Household Size,MINERAL COUNTY,79,2.06,1.85,1.83,1.85,1.79,1.91,1.88,2.01,2.14
311,ACS - Average Household Size,Average Household Size,PHILLIPS COUNTY,95,2.35,2.41,2.62,2.59,2.61,2.52,2.47,2.51,2.54
312,ACS - Average Household Size,Average Household Size,LOGAN COUNTY,75,2.54,2.63,2.68,2.68,2.75,2.61,2.58,2.55,2.52
313,ACS - Average Household Size,Average Household Size,PROWERS COUNTY,99,2.48,2.44,2.43,2.45,2.43,2.44,2.4,2.38,2.35
314,ACS - Average Household Size,Average Household Size,WASHINGTON COUNTY,121,2.18,2.19,2.24,2.27,2.28,2.3,2.27,2.25,2.24
315,ACS - Average Household Size,Average Household Size,OTERO COUNTY,89,2.3,2.43,2.38,2.45,2.46,2.42,2.41,2.38,2.32
316,ACS - Average Household Size,Average Household Size,RIO BLANCO COUNTY,103,2.43,2.26,2.26,2.24,2.28,2.48,2.59,2.57,2.54
317,ACS - Average Household Size,Average Household Size,DOUGLAS COUNTY,35,2.76,2.78,2.8,2.82,2.84,2.76,2.75,2.81,2.79
318,ACS - Average Household Size,Average Household Size,MOFFAT COUNTY,81,2.52,2.48,2.53,2.61,2.67,2.6,2.62,2.53,2.48
319,ACS - Average Household Size,Average Household Size,SUMMIT COUNTY,117,2.52,2.45,2.4,2.48,2.7,2.82,2.97,3.1,3.09
320,ACS - Average Household Size,Average Household Size,ROUTT COUNTY,107,2.22,2.3,2.34,2.38,2.4,2.46,2.5,2.53,2.56
321,ACS - Average Household Size,Average Household Size,CROWLEY COUNTY,25,3.16,3.07,3.19,3.4,3.44,3.78,3.69,3.52,3.72
322,ACS - Average Household Size,Average Household Size,HUERFANO COUNTY,55,1.97,1.94,1.93,2.0,2.15,2.08,2.02,1.99,1.95
323,ACS - Average Household Size,Average Household Size,LA PLATA COUNTY,67,2.36,2.34,2.34,2.39,2.39,2.38,2.41,2.41,2.22
324,ACS - Average Household Size,Average Household Size,CONEJOS COUNTY,21,2.59,2.65,2.6,2.64,2.71,2.78,2.81,2.7,2.63
325,ACS - Median Household Income,Median Household Income,BROOMFIELD COUNTY,14,75590.0,76531.0,80483.0,77998.0,80430.0,81898.0,83334.0,85639.0,89624.0
326,ACS - Median Household Income,Median Household Income,HUERFANO COUNTY,55,30058.0,29737.0,32754.0,33298.0,32932.0,31715.0,33257.0,35801.0,36705.0
327,ACS - Median Household Income,Median Household Income,CHAFFEE COUNTY,15,42941.0,43684.0,45713.0,46504.0,48528.0,51092.0,50993.0,53762.0,54580.0
328,ACS - Median Household Income,Median Household Income,GUNNISON COUNTY,51,49356.0,50073.0,50091.0,52332.0,51371.0,48071.0,50746.0,52651.0,54979.0
329,ACS - Median Household Income,Median Household Income,OURAY COUNTY,91,58393.0,61935.0,66474.0,64601.0,60701.0,61624.0,62800.0,61333.0,62230.0
330,ACS - Median Household Income,Median Household Income,ARAPAHOE COUNTY,5,58719.0,59937.0,60400.0,60651.0,62213.0,63265.0,66288.0,69553.0,73925.0
331,ACS - Median Household Income,Median Household Income,LAS ANIMAS COUNTY,71,38134.0,40617.0,41623.0,42261.0,45707.0,45067.0,42808.0,40586.0,41945.0
332,ACS - Median Household Income,Median Household Income,WELD COUNTY,123,55596.0,55825.0,56589.0,57180.0,58100.0,60572.0,62820.0,66489.0,70908.0
333,ACS - Median Household Income,Median Household Income,CHEYENNE COUNTY,17,47125.0,47188.0,50357.0,51641.0,53900.0,52554.0,54375.0,54907.0,55227.0
334,ACS - Median Household Income,Median Household Income,DOUGLAS COUNTY,35,99198.0,101193.0,101108.0,101591.0,102626.0,102964.0,105759.0,111154.0,115314.0
335,ACS - Median Household Income,Median Household Income,COLORADO STATE,0,56456.0,57685.0,58244.0,58433.0,59448.0,60629.0,62520.0,65458.0,56450.0
336,ACS - Median Household Income,Median Household Income,LA PLATA COUNTY,67,56422.0,56910.0,57407.0,58080.0,58456.0,60278.0,61910.0,62533.0,64372.0
337,ACS - Median Household Income,Median Household Income,WASHINGTON COUNTY,121,39735.0,43945.0,43925.0,44683.0,44271.0,45541.0,46315.0,51458.0,49375.0
338,ACS - Median Household Income,Median Household Income,PARK COUNTY,93,64098.0,61284.0,62594.0,61570.0,60800.0,56969.0,61675.0,61644.0,66861.0
339,ACS - Median Household Income,Median Household Income,SAN JUAN COUNTY,111,43783.0,36378.0,37330.0,39583.0,37679.0,36324.0,41250.0,46397.0,46563.0
340,ACS - Median Household Income,Median Household Income,JACKSON COUNTY,57,37222.0,48571.0,45298.0,43606.0,45606.0,46014.0,45053.0,45994.0,48828.0
341,ACS - Median Household Income,Median Household Income,KIOWA COUNTY,61,40089.0,41542.0,41739.0,40813.0,39375.0,40304.0,38385.0,39250.0,39784.0
342,ACS - Median Household Income,Median Household Income,ALAMOSA COUNTY,3,35935.0,38299.0,38045.0,34520.0,31400.0,32395.0,32385.0,36315.0,39191.0
343,ACS - Median Household Income,Median Household Income,PROWERS COUNTY,99,33969.0,34513.0,33671.0,34391.0,35408.0,40179.0,41037.0,41740.0,40097.0
344,ACS - Median Household Income,Median Household Income,YUMA COUNTY,125,42114.0,44991.0,45033.0,44308.0,43279.0,43105.0,42026.0,44668.0,48394.0
345,ACS - Median Household Income,Median Household Income,ADAMS COUNTY,1,54666.0,56089.0,56633.0,56270.0,57421.0,58946.0,61444.0,64087.0,67575.0
346,ACS - Median Household Income,Median Household Income,RIO GRANDE COUNTY,105,39871.0,37885.0,38329.0,38993.0,38673.0,39672.0,40177.0,38534.0,38639.0
347,ACS - Median Household Income,Median Household Income,CLEAR CREEK COUNTY,19,60426.0,62756.0,60517.0,67259.0,68531.0,67710.0,68250.0,68534.0,69936.0
348,ACS - Median Household Income,Median Household Income,CROWLEY COUNTY,25,38189.0,40636.0,38507.0,31477.0,31534.0,31151.0,31719.0,35292.0,37586.0
349,ACS - Median Household Income,Median Household Income,ELBERT COUNTY,39,78958.0,79367.0,80811.0,82118.0,82154.0,84963.0,87288.0,92849.0,96658.0
350,ACS - Median Household Income,Median Household Income,JEFFERSON COUNTY,59,66075.0,67827.0,68748.0,68984.0,69698.0,70164.0,72017.0,75170.0,78943.0
351,ACS - Median Household Income,Median Household Income,LINCOLN COUNTY,73,41616.0,43375.0,43807.0,41910.0,43701.0,39005.0,40438.0,44725.0,49423.0
352,ACS - Median Household Income,Median Household Income,GRAND COUNTY,49,60433.0,64281.0,64416.0,64664.0,64109.0,63628.0,67623.0,66489.0,70469.0
353,ACS - Median Household Income,Median Household Income,BACA COUNTY,9,36017.0,37111.0,39497.0,38829.0,38625.0,38000.0,37477.0,35898.0,37500.0
354,ACS - Median Household Income,Median Household Income,BENT COUNTY,11,36412.0,35667.0,36297.0,37340.0,39053.0,36791.0,34773.0,32500.0,34392.0
355,ACS - Median Household Income,Median Household Income,MONTROSE COUNTY,85,46590.0,47479.0,47139.0,45718.0,44885.0,43999.0,43890.0,44865.0,48739.0
356,ACS - Median Household Income,Median Household Income,BOULDER COUNTY,13,64839.0,66479.0,67403.0,67956.0,69407.0,70961.0,72282.0,75669.0,78642.0
357,ACS - Median Household Income,Median Household Income,DENVER COUNTY,31,45501.0,47499.0,49091.0,50313.0,51800.0,53637.0,56258.0,60098.0,63793.0
358,ACS - Median Household Income,Median Household Income,MONTEZUMA COUNTY,83,44103.0,45623.0,44102.0,43188.0,43431.0,43553.0,41622.0,45645.0,46797.0
359,ACS - Median Household Income,Median Household Income,OTERO COUNTY,89,34142.0,31246.0,31860.0,33848.0,32594.0,32311.0,34477.0,35051.0,34136.0
360,ACS - Median Household Income,Median Household Income,ARCHULETA COUNTY,7,56068.0,60170.0,54007.0,48933.0,48186.0,46646.0,45607.0,48016.0,50753.0
361,ACS - Median Household Income,Median Household Income,SAN MIGUEL COUNTY,113,66399.0,66789.0,63766.0,63594.0,59490.0,56047.0,58170.0,62243.0,64478.0
362,ACS - Median Household Income,Median Household Income,PITKIN COUNTY,97,64502.0,68242.0,68621.0,72745.0,71060.0,71196.0,69789.0,67755.0,71244.0
363,ACS - Median Household Income,Median Household Income,LOGAN COUNTY,75,40961.0,42324.0,41369.0,40415.0,41749.0,42319.0,43340.0,44876.0,48922.0
364,ACS - Median Household Income,Median Household Income,SUMMIT COUNTY,117,68750.0,67915.0,64680.0,63697.0,64521.0,67983.0,70192.0,73538.0,77589.0
365,ACS - Median Household Income,Median Household Income,CONEJOS COUNTY,21,33627.0,34435.0,32860.0,34526.0,37357.0,36652.0,34630.0,35657.0,34746.0
366,ACS - Median Household Income,Median Household Income,KIT CARSON COUNTY,63,41678.0,43194.0,42832.0,44157.0,41495.0,40603.0,44449.0,45881.0,51046.0
367,ACS - Median Household Income,Median Household Income,HINSDALE COUNTY,53,74659.0,77321.0,54844.0,56667.0,55682.0,57083.0,51250.0,53056.0,52188.0
368,ACS - Median Household Income,Median Household Income,GARFIELD COUNTY,45,64902.0,63929.0,60215.0,57022.0,57214.0,56590.0,61300.0,66503.0,72898.0
369,ACS - Median Household Income,Median Household Income,MORGAN COUNTY,87,43111.0,42792.0,42829.0,43774.0,46223.0,48450.0,49495.0,51456.0,51626.0
370,ACS - Median Household Income,Median Household Income,COSTILLA COUNTY,23,24388.0,25949.0,25309.0,29145.0,33594.0,31321.0,26610.0,29000.0,30593.0
371,ACS - Median Household Income,Median Household Income,SEDGWICK COUNTY,115,37625.0,36797.0,38401.0,40221.0,43864.0,44191.0,46977.0,49583.0,45188.0
372,ACS - Median Household Income,Median Household Income,LARIMER COUNTY,69,56447.0,57215.0,57927.0,58626.0,58844.0,59805.0,61942.0,64980.0,67664.0
373,ACS - Median Household Income,Median Household Income,PUEBLO COUNTY,101,40699.0,41273.0,41820.0,41777.0,41974.0,41286.0,42000.0,42386.0,44634.0
374,ACS - Median Household Income,Median Household Income,SAGUACHE COUNTY,109,30430.0,33672.0,32429.0,34600.0,33398.0,33393.0,32457.0,34765.0,34410.0
375,ACS - Median Household Income,Median Household Income,DELTA COUNTY,29,40451.0,41856.0,42786.0,42078.0,42389.0,42452.0,42011.0,42487.0,44512.0
376,ACS - Median Household Income,Median Household Income,EL PASO COUNTY,41,56268.0,57079.0,57531.0,57125.0,57487.0,58206.0,60219.0,62535.0,65334.0
377,ACS - Median Household Income,Median Household Income,MINERAL COUNTY,79,53438.0,54375.0,52750.0,47083.0,47986.0,48125.0,49125.0,50385.0,61058.0
378,ACS - Median Household Income,Median Household Income,DOLORES COUNTY,33,43058.0,44077.0,43098.0,37750.0,32578.0,31875.0,32240.0,40352.0,41714.0
379,ACS - Median Household Income,Median Household Income,RIO BLANCO COUNTY,103,57992.0,63125.0,58393.0,60128.0,63910.0,61842.0,56771.0,57991.0,55543.0
380,ACS - Median Household Income,Median Household Income,MOFFAT COUNTY,81,53587.0,50758.0,51008.0,53231.0,50123.0,51387.0,53664.0,53010.0,52807.0
381,ACS - Median Household Income,Median Household Income,LAKE COUNTY,65,41103.0,40543.0,45082.0,44610.0,46174.0,45367.0,46928.0,46176.0,46918.0
382,ACS - Median Household Income,Median Household Income,FREMONT COUNTY,43,37847.0,38979.0,40893.0,39943.0,40569.0,40423.0,42308.0,44712.0,46296.0
383,ACS - Median Household Income,Median Household Income,GILPIN COUNTY,47,58036.0,59394.0,62286.0,63885.0,65851.0,65670.0,67544.0,72544.0,75120.0
384,ACS - Median Household Income,Median Household Income,ROUTT COUNTY,107,60876.0,64230.0,65041.0,62002.0,61095.0,64963.0,63505.0,67472.0,74273.0
385,ACS - Median Household Income,Median Household Income,MESA COUNTY,77,52067.0,52986.0,51029.0,49471.0,48610.0,49322.0,50070.0,51971.0,53683.0
386,ACS - Median Household Income,Median Household Income,EAGLE COUNTY,37,71337.0,70914.0,71030.0,74456.0,73774.0,72214.0,78763.0,83803.0,84685.0
387,ACS - Median Household Income,Median Household Income,PHILLIPS COUNTY,95,44084.0,44717.0,45339.0,43011.0,44390.0,43639.0,46955.0,50076.0,50724.0
388,ACS - Median Household Income,Median Household Income,TELLER COUNTY,119,58080.0,57931.0,57970.0,59040.0,62559.0,62372.0,63723.0,66809.0,65382.0
389,ACS - Median Household Income,Median Household Income,CUSTER COUNTY,27,39909.0,43358.0,42534.0,32427.0,32261.0,35000.0,38605.0,41330.0,44644.0
390,ACS - Households,Households,CLEAR CREEK COUNTY,19,4164.0,4031.0,4013.0,4024.0,4103.0,4231.0,4411.0,4374.0,4640.0
391,ACS - Households,Households,COLORADO STATE,0,1918959.0,1941193.0,1962753.0,1977591.0,1998314.0,2024468.0,2051616.0,2082531.0,2113387.0
392,ACS - Households,Households,COSTILLA COUNTY,23,1454.0,1325.0,1418.0,1361.0,1396.0,1457.0,1506.0,1568.0,1687.0
393,ACS - Households,Households,LARIMER COUNTY,69,117415.0,118791.0,120592.0,121423.0,122743.0,125138.0,127067.0,130502.0,133527.0
394,ACS - Households,Households,TELLER COUNTY,119,9004.0,9051.0,9034.0,9434.0,9611.0,9581.0,9762.0,10076.0,10183.0
395,ACS - Households,Households,DOLORES COUNTY,33,799.0,871.0,807.0,780.0,759.0,706.0,720.0,707.0,740.0
396,ACS - Households,Households,YUMA COUNTY,125,3941.0,3839.0,3886.0,3811.0,3833.0,3865.0,4009.0,4053.0,4051.0
397,ACS - Households,Households,RIO BLANCO COUNTY,103,2621.0,2499.0,2540.0,2638.0,2644.0,2482.0,2450.0,2417.0,2403.0
398,ACS - Households,Households,RIO GRANDE COUNTY,105,3630.0,3960.0,4344.0,4722.0,4741.0,4617.0,4582.0,4750.0,4504.0
399,ACS - Households,Households,SAN MIGUEL COUNTY,113,3228.0,3453.0,3360.0,3234.0,3330.0,3310.0,3258.0,3301.0,3441.0
400,ACS - Households,Households,ARCHULETA COUNTY,7,3377.0,3951.0,4536.0,4881.0,5343.0,5334.0,5382.0,5553.0,5670.0
401,ACS - Households,Households,PITKIN COUNTY,97,7417.0,7401.0,7347.0,7507.0,7357.0,7570.0,7601.0,7340.0,7018.0
402,ACS - Households,Households,GARFIELD COUNTY,45,19970.0,20186.0,20272.0,20163.0,20330.0,20622.0,20771.0,21055.0,21138.0
403,ACS - Households,Households,EAGLE COUNTY,37,18183.0,18362.0,18407.0,17966.0,18038.0,17840.0,17613.0,17765.0,17750.0
404,ACS - Households,Households,DELTA COUNTY,29,12700.0,12660.0,12661.0,12671.0,12527.0,12058.0,12027.0,12119.0,11882.0
405,ACS - Households,Households,PROWERS COUNTY,99,4905.0,4996.0,4995.0,4935.0,4925.0,4856.0,4897.0,4913.0,4963.0
406,ACS - Households,Households,LAS ANIMAS COUNTY,71,6420.0,6356.0,6161.0,5992.0,5890.0,5826.0,6090.0,6327.0,6477.0
407,ACS - Households,Households,HUERFANO COUNTY,55,3154.0,3096.0,3134.0,3059.0,2864.0,3024.0,3132.0,3173.0,3282.0
408,ACS - Households,Households,CROWLEY COUNTY,25,1163.0,1180.0,1207.0,1173.0,1173.0,1169.0,1174.0,1215.0,1194.0
409,ACS - Households,Households,GILPIN COUNTY,47,2530.0,2442.0,2458.0,2504.0,2463.0,2576.0,2508.0,2603.0,2653.0
410,ACS - Households,Households,SAN JUAN COUNTY,111,411.0,404.0,378.0,321.0,338.0,282.0,284.0,255.0,266.0
411,ACS - Households,Households,SAGUACHE COUNTY,109,2684.0,2695.0,2726.0,2692.0,2598.0,2598.0,2530.0,2626.0,2645.0
412,ACS - Households,Households,MOFFAT COUNTY,81,5360.0,5347.0,5243.0,5062.0,4890.0,4986.0,4927.0,5103.0,5210.0
413,ACS - Households,Households,JACKSON COUNTY,57,690.0,736.0,619.0,648.0,644.0,616.0,616.0,597.0,575.0
414,ACS - Households,Households,PHILLIPS COUNTY,95,1867.0,1792.0,1643.0,1668.0,1656.0,1711.0,1731.0,1696.0,1668.0
415,ACS - Households,Households,MINERAL COUNTY,79,440.0,368.0,363.0,393.0,375.0,368.0,409.0,404.0,375.0
416,ACS - Households,Households,KIOWA COUNTY,61,706.0,719.0,528.0,559.0,559.0,583.0,581.0,576.0,593.0
417,ACS - Households,Households,BENT COUNTY,11,1935.0,1975.0,1932.0,1873.0,1788.0,1635.0,1720.0,1760.0,1744.0
418,ACS - Households,Households,JEFFERSON COUNTY,59,217018.0,217763.0,219005.0,219562.0,220814.0,222892.0,225320.0,227805.0,230153.0
419,ACS - Households,Households,MONTROSE COUNTY,85,16335.0,16591.0,16732.0,16586.0,16815.0,16768.0,16587.0,16951.0,17125.0
420,ACS - Households,Households,CHEYENNE COUNTY,17,829.0,869.0,858.0,839.0,788.0,743.0,776.0,776.0,742.0
421,ACS - Households,Households,OURAY COUNTY,91,1702.0,1688.0,1886.0,1943.0,1969.0,1980.0,2166.0,2204.0,2194.0
422,ACS - Households,Households,WASHINGTON COUNTY,121,2186.0,2089.0,2073.0,2019.0,1986.0,1963.0,2005.0,2012.0,2030.0
423,ACS - Households,Households,LOGAN COUNTY,75,8146.0,8126.0,8020.0,8015.0,7825.0,7966.0,8029.0,8151.0,8183.0
424,ACS - Households,Households,ADAMS COUNTY,1,147951.0,149508.0,151034.0,152803.0,155047.0,156628.0,158748.0,162508.0,164353.0
425,ACS - Households,Households,LA PLATA COUNTY,67,20512.0,20769.0,21060.0,20947.0,21124.0,21513.0,21605.0,21818.0,21793.0
426,ACS - Households,Households,EL PASO COUNTY,41,227151.0,230620.0,234058.0,237039.0,240154.0,245287.0,249279.0,249745.0,253379.0
427,ACS - Households,Households,LAKE COUNTY,65,2725.0,2648.0,2879.0,3079.0,3106.0,3025.0,3121.0,3324.0,3353.0
428,ACS - Households,Households,MORGAN COUNTY,87,10407.0,10513.0,10489.0,10446.0,10443.0,10421.0,10493.0,10599.0,10785.0
429,ACS - Households,Households,MESA COUNTY,77,57123.0,58288.0,58635.0,58598.0,58966.0,59215.0,59501.0,60562.0,61033.0
430,ACS - Households,Households,DENVER COUNTY,31,254181.0,258132.0,261836.0,266069.0,271054.0,275795.0,281072.0,287262.0,294358.0
431,ACS - Households,Households,GUNNISON COUNTY,51,6216.0,6351.0,6447.0,6293.0,6336.0,6287.0,6577.0,6495.0,6643.0
432,ACS - Households,Households,KIT CARSON COUNTY,63,3010.0,3003.0,3051.0,3046.0,3053.0,3003.0,2975.0,2995.0,2977.0
433,ACS - Households,Households,ROUTT COUNTY,107,10146.0,9929.0,9833.0,9647.0,9573.0,9431.0,9437.0,9478.0,9552.0
434,ACS - Households,Households,PUEBLO COUNTY,101,61418.0,61858.0,62090.0,62439.0,62829.0,62888.0,62899.0,63489.0,63762.0
435,ACS - Households,Households,ALAMOSA COUNTY,3,5798.0,5743.0,5853.0,5891.0,5993.0,5932.0,5946.0,6049.0,6153.0
436,ACS - Households,Households,CUSTER COUNTY,27,1850.0,1827.0,2053.0,2048.0,2125.0,1996.0,1950.0,2093.0,2083.0
437,ACS - Households,Households,ARAPAHOE COUNTY,5,218909.0,221136.0,223747.0,225552.0,228267.0,229601.0,231844.0,235263.0,237559.0
438,ACS - Households,Households,LINCOLN COUNTY,73,1919.0,1930.0,1874.0,1845.0,1757.0,1677.0,1502.0,1477.0,1520.0
439,ACS - Households,Households,FREMONT COUNTY,43,16817.0,17294.0,17200.0,16938.0,16600.0,16342.0,16327.0,16762.0,17163.0
440,ACS - Households,Households,SUMMIT COUNTY,117,10553.0,11001.0,11358.0,11138.0,10386.0,10143.0,9714.0,9455.0,9707.0
441,ACS - Households,Households,OTERO COUNTY,89,7620.0,7453.0,7639.0,7427.0,7381.0,7454.0,7449.0,7490.0,7691.0
442,ACS - Households,Households,HINSDALE COUNTY,53,255.0,322.0,372.0,388.0,418.0,397.0,401.0,368.0,387.0
443,ACS - Households,Households,MONTEZUMA COUNTY,83,11027.0,10950.0,10883.0,10688.0,10659.0,10417.0,10305.0,10520.0,10615.0
444,ACS - Households,Households,GRAND COUNTY,49,5330.0,5186.0,5341.0,5227.0,5208.0,5250.0,5788.0,5724.0,5823.0
445,ACS - Households,Households,ELBERT COUNTY,39,8135.0,8175.0,8195.0,8240.0,8259.0,8417.0,8568.0,8866.0,9046.0
446,ACS - Households,Households,BACA COUNTY,9,1682.0,1675.0,1675.0,1651.0,1637.0,1568.0,1545.0,1603.0,1642.0
447,ACS - Households,Households,SEDGWICK COUNTY,115,1007.0,1070.0,981.0,943.0,932.0,951.0,1012.0,998.0,1017.0
448,ACS - Households,Households,BOULDER COUNTY,13,117629.0,118545.0,120061.0,120521.0,121526.0,122516.0,123669.0,125026.0,125894.0
449,ACS - Households,Households,DOUGLAS COUNTY,35,98725.0,100795.0,102189.0,103780.0,105404.0,111113.0,114017.0,113799.0,117426.0
450,ACS - Households,Households,CHAFFEE COUNTY,15,7396.0,7715.0,7680.0,7832.0,7735.0,7756.0,7736.0,7900.0,7958.0
451,ACS - Households,Households,PARK COUNTY,93,7070.0,7000.0,6997.0,7038.0,7184.0,7319.0,7398.0,7389.0,7119.0
452,ACS - Households,Households,WELD COUNTY,123,86776.0,88242.0,89553.0,90465.0,92369.0,94294.0,96616.0,99817.0,102101.0
453,ACS - Households,Households,CONEJOS COUNTY,21,3121.0,3062.0,3137.0,3099.0,3023.0,2948.0,2900.0,2992.0,3068.0
454,ACS - Households,Households,BROOMFIELD COUNTY,14,20116.0,20841.0,21375.0,22016.0,22651.0,23531.0,24581.0,25938.0,26721.0
455,ACS - Population,Population,CHEYENNE COUNTY,17,2194.0,2247.0,2095.0,2189.0,2153.0,2002.0,2071.0,2127.0,2039.0
456,ACS - Population,Population,SEDGWICK COUNTY,115,2412.0,2390.0,2389.0,2376.0,2365.0,2365.0,2367.0,2357.0,2350.0
457,ACS - Population,Population,BACA COUNTY,9,3833.0,3807.0,3783.0,3761.0,3735.0,3701.0,3648.0,3581.0,3563.0
458,ACS - Population,Population,RIO GRANDE COUNTY,105,11926.0,11913.0,11925.0,11913.0,11840.0,11745.0,11623.0,11430.0,11351.0
459,ACS - Population,Population,CUSTER COUNTY,27,3899.0,3853.0,4208.0,4245.0,4274.0,4303.0,4375.0,4505.0,4640.0
460,ACS - Population,Population,MONTROSE COUNTY,85,40266.0,40812.0,40994.0,41020.0,40885.0,40815.0,40866.0,40908.0,41268.0
461,ACS - Population,Population,FREMONT COUNTY,43,46941.0,47040.0,47006.0,46850.0,46879.0,46809.0,46835.0,46601.0,47002.0
462,ACS - Population,Population,GUNNISON COUNTY,51,15136.0,15274.0,15385.0,15421.0,15503.0,15651.0,15889.0,16215.0,16537.0
463,ACS - Population,Population,MESA COUNTY,77,142284.0,144766.0,146562.0,147432.0,147509.0,147834.0,148166.0,148798.0,149998.0
464,ACS - Population,Population,MONTEZUMA COUNTY,83,25279.0,25372.0,25424.0,25512.0,25569.0,25700.0,26006.0,25770.0,25909.0
465,ACS - Population,Population,PITKIN COUNTY,97,16389.0,16709.0,17000.0,17173.0,17303.0,17420.0,17543.0,17747.0,17909.0
466,ACS - Population,Population,WELD COUNTY,123,242860.0,248441.0,253552.0,258780.0,265066.0,270948.0,278065.0,285729.0,295123.0
467,ACS - Population,Population,ALAMOSA COUNTY,3,15293.0,15395.0,15750.0,15933.0,16111.0,16269.0,16353.0,16345.0,16444.0
468,ACS - Population,Population,EL PASO COUNTY,41,599988.0,611377.0,622816.0,634423.0,645707.0,655024.0,665171.0,674826.0,688153.0
469,ACS - Population,Population,MINERAL COUNTY,79,1020.0,723.0,702.0,761.0,704.0,733.0,793.0,834.0,823.0
470,ACS - Population,Population,BENT COUNTY,11,6125.0,6164.0,6192.0,6141.0,6000.0,5895.0,5816.0,5806.0,5809.0
471,ACS - Population,Population,PUEBLO COUNTY,101,156244.0,157946.0,159072.0,160048.0,160757.0,161519.0,162158.0,163368.0,164685.0
472,ACS - Population,Population,KIOWA COUNTY,61,1643.0,1728.0,1393.0,1423.0,1407.0,1463.0,1465.0,1368.0,1449.0
473,ACS - Population,Population,GRAND COUNTY,49,14526.0,14634.0,14608.0,14535.0,14478.0,14411.0,14490.0,14793.0,15066.0
474,ACS - Population,Population,SAGUACHE COUNTY,109,6161.0,6165.0,6189.0,6200.0,6211.0,6238.0,6255.0,6338.0,6468.0
475,ACS - Population,Population,DENVER COUNTY,31,578087.0,590507.0,604356.0,619297.0,633777.0,649654.0,663303.0,678467.0,693417.0
476,ACS - Population,Population,TELLER COUNTY,119,22821.0,23035.0,23163.0,23276.0,23363.0,23340.0,23472.0,23769.0,24113.0
477,ACS - Population,Population,GILPIN COUNTY,47,5126.0,5241.0,5358.0,5477.0,5557.0,5605.0,5708.0,5793.0,5924.0
478,ACS - Population,Population,JEFFERSON COUNTY,59,528614.0,532243.0,536095.0,540669.0,546162.0,552344.0,558810.0,564029.0,570427.0
479,ACS - Population,Population,BOULDER COUNTY,13,290177.0,293205.0,297218.0,301072.0,305166.0,310032.0,313961.0,316782.0,321030.0
480,ACS - Population,Population,BROOMFIELD COUNTY,14,52872.0,54592.0,55913.0,57171.0,59027.0,60699.0,62449.0,64283.0,66120.0
481,ACS - Population,Population,LAKE COUNTY,65,7039.0,7010.0,7372.0,7332.0,7311.0,7362.0,7401.0,7481.0,7585.0
482,ACS - Population,Population,PARK COUNTY,93,16286.0,16259.0,16168.0,16131.0,16174.0,16189.0,16440.0,16900.0,17392.0
483,ACS - Population,Population,PHILLIPS COUNTY,95,4394.0,4391.0,4380.0,4383.0,4385.0,4371.0,4347.0,4327.0,4318.0
484,ACS - Population,Population,LINCOLN COUNTY,73,5476.0,5462.0,5443.0,5442.0,5462.0,5478.0,5515.0,5520.0,5548.0
485,ACS - Population,Population,CONEJOS COUNTY,21,8220.0,8228.0,8241.0,8256.0,8276.0,8249.0,8213.0,8147.0,8142.0
486,ACS - Population,Population,WASHINGTON COUNTY,121,4773.0,4709.0,4796.0,4796.0,4781.0,4795.0,4814.0,4809.0,4840.0
487,ACS - Population,Population,YUMA COUNTY,125,9896.0,9960.0,10032.0,10093.0,10131.0,10185.0,10150.0,10109.0,10069.0
488,ACS - Population,Population,PROWERS COUNTY,99,12734.0,12615.0,12539.0,12473.0,12359.0,12235.0,12121.0,12084.0,12052.0
489,ACS - Population,Population,DOLORES COUNTY,33,2027.0,2043.0,1806.0,1709.0,1736.0,1862.0,1789.0,1736.0,1841.0
490,ACS - Population,Population,SUMMIT COUNTY,117,27105.0,27496.0,27753.0,28091.0,28482.0,28940.0,29269.0,29722.0,30429.0
491,ACS - Population,Population,MORGAN COUNTY,87,27911.0,27943.0,28200.0,28308.0,28342.0,28359.0,28288.0,28123.0,28257.0
492,ACS - Population,Population,DELTA COUNTY,29,30533.0,30666.0,30710.0,30659.0,30378.0,30214.0,30221.0,30217.0,30346.0
493,ACS - Population,Population,ROUTT COUNTY,107,22924.0,23201.0,23385.0,23409.0,23428.0,23606.0,23980.0,24359.0,24874.0
494,ACS - Population,Population,GARFIELD COUNTY,45,54761.0,55696.0,56330.0,56687.0,56684.0,57076.0,57495.0,57945.0,58538.0
495,ACS - Population,Population,COLORADO STATE,0,4887061.0,4966061.0,5042853.0,5119329.0,5197580.0,5278906.0,5359295.0,5436519.0,5531141.0
496,ACS - Population,Population,MOFFAT COUNTY,81,13519.0,13586.0,13547.0,13447.0,13286.0,13117.0,13034.0,13056.0,13060.0
497,ACS - Population,Population,CLEAR CREEK COUNTY,19,9088.0,9083.0,9059.0,9048.0,9114.0,9136.0,9238.0,9257.0,9379.0
498,ACS - Population,Population,RIO BLANCO COUNTY,103,6494.0,6616.0,6728.0,6770.0,6739.0,6712.0,6658.0,6557.0,6465.0
499,ACS - Population,Population,COSTILLA COUNTY,23,3536.0,3556.0,3556.0,3552.0,3578.0,3581.0,3590.0,3628.0,3687.0
500,ACS - Population,Population,ARAPAHOE COUNTY,5,552860.0,563508.0,574357.0,585333.0,596684.0,608310.0,617668.0,626612.0,636671.0
501,ACS - Population,Population,LA PLATA COUNTY,67,50149.0,50820.0,51443.0,52039.0,52547.0,53182.0,53994.0,54469.0,55101.0
502,ACS - Population,Population,LAS ANIMAS COUNTY,71,15675.0,15549.0,15385.0,15136.0,14789.0,14503.0,14322.0,14151.0,14179.0
503,ACS - Population,Population,CHAFFEE COUNTY,15,17540.0,17707.0,17879.0,18063.0,18121.0,18309.0,18507.0,18818.0,19164.0
504,ACS - Population,Population,SAN JUAN COUNTY,111,752.0,801.0,747.0,659.0,653.0,606.0,552.0,569.0,544.0
505,ACS - Population,Population,ELBERT COUNTY,39,22712.0,22859.0,23058.0,23295.0,23545.0,23855.0,24225.0,24553.0,25162.0
506,ACS - Population,Population,KIT CARSON COUNTY,63,8156.0,8178.0,8210.0,8189.0,8122.0,7980.0,8174.0,7846.0,7635.0
507,ACS - Population,Population,HUERFANO COUNTY,55,6948.0,6829.0,6730.0,6625.0,6550.0,6502.0,6521.0,6498.0,6583.0
508,ACS - Population,Population,OTERO COUNTY,89,18830.0,18795.0,18791.0,18817.0,18712.0,18572.0,18440.0,18325.0,18325.0
509,ACS - Population,Population,SAN MIGUEL COUNTY,113,7299.0,7383.0,7432.0,7496.0,7597.0,7676.0,7767.0,7804.0,7968.0
510,ACS - Population,Population,HINSDALE COUNTY,53,489.0,731.0,790.0,809.0,871.0,874.0,856.0,820.0,878.0
511,ACS - Population,Population,ARCHULETA COUNTY,7,12136.0,12152.0,12109.0,12109.0,12132.0,12174.0,12355.0,12592.0,12908.0
512,ACS - Population,Population,ADAMS COUNTY,1,425330.0,434295.0,442996.0,452030.0,461558.0,471206.0,479977.0,487850.0,497115.0
513,ACS - Population,Population,EAGLE COUNTY,37,50793.0,51457.0,51850.0,52151.0,52233.0,52576.0,52894.0,53726.0,54357.0
514,ACS - Population,Population,DOUGLAS COUNTY,35,273440.0,280643.0,286883.0,293014.0,299794.0,306974.0,314238.0,320940.0,328614.0
515,ACS - Population,Population,LARIMER COUNTY,69,291162.0,296107.0,300870.0,305798.0,311435.0,318227.0,325228.0,330976.0,338161.0
516,ACS - Population,Population,OURAY COUNTY,91,4319.0,4371.0,4445.0,4475.0,4532.0,4580.0,4651.0,4653.0,4722.0
517,ACS - Population,Population,CROWLEY COUNTY,25,5897.0,5866.0,5747.0,5629.0,5558.0,5551.0,5537.0,5514.0,5630.0
518,ACS - Population,Population,LOGAN COUNTY,75,22278.0,22417.0,22541.0,22607.0,22604.0,21928.0,21862.0,21885.0,21689.0
519,ACS - Population,Population,JACKSON COUNTY,57,1464.0,1494.0,1397.0,1371.0,1389.0,1335.0,1306.0,1372.0,1296.0
